"Criteria :","  All ",
"Report Date :","16.02.22",

"USER NAME","LOGIN ID","EMAIL ID","REPOSITORY","OU HIERARCHY CODE","CLASSIFICATION","PROTECTION","ALLOWED CUSTOM POLICY","ASSIGNED BY","CREATED BY","CREATION DATE","LAST MODIFIED BY","LAST MODIFIED DATE",
"JAYARAJ P","20327076","JAYARAJ.P@larsentoubro.com","Internal","10001::LTSB.COM/EMPLOYEES/MANAPAKKAM/IT/IT ADMIN/","Yes","Yes","Yes","Administrator","JAYARAJ P","09 Feb 2022 10:29:05 AM","JAYARAJ P","09 Feb 2022 10:29:05 AM",
"SANDEEP KUMAR MADOTRA","20065554","SANDEEPKUMAR.MADOTRA@LARSENTOUBRO.COM","Internal","10001::LTSB.COM/EMPLOYEES/KATTUPALLI/COMMON PRODUCTION COMMERCIAL/","Yes","Yes","Yes","Administrator","KARTHIKEYAN SUBRAMANIAN","03 Jan 2022 04:18:21 PM","KARTHIKEYAN SUBRAMANIAN","03 Jan 2022 04:18:21 PM",
